Daily update: Mon Oct 27 10:32:08 UTC 2025
Daily update: Mon Oct 27 10:53:45 UTC 2025
Daily update: Mon Oct 27 11:10:43 UTC 2025
Daily update: Tue Oct 28 11:10:06 UTC 2025
Daily update: Wed Oct 29 11:10:46 UTC 2025
Daily update: Thu Oct 30 11:10:20 UTC 2025
Daily update: Fri Oct 31 11:10:09 UTC 2025
Daily update: Sat Nov  1 11:08:23 UTC 2025
Daily update: Sun Nov  2 11:08:22 UTC 2025
Daily update: Mon Nov  3 11:10:17 UTC 2025
Daily update: Tue Nov  4 11:10:55 UTC 2025
Daily update: Wed Nov  5 11:10:44 UTC 2025
Daily update: Thu Nov  6 11:10:33 UTC 2025
Daily update: Fri Nov  7 11:10:20 UTC 2025
Daily update: Sat Nov  8 11:08:33 UTC 2025
Daily update: Sun Nov  9 11:08:22 UTC 2025
Daily update: Mon Nov 10 11:10:26 UTC 2025
